instance,optimal_value,model
0,8060026.234170222,../Results/Hard00/SPO_hard00.baseline_0_Epoch0_330.pth
1,8332964.899214443,../Results/Hard00/SPO_hard00.baseline_0_Epoch0_330.pth
2,7292553.697561689,../Results/Hard00/SPO_hard00.baseline_0_Epoch0_330.pth
3,7527685.950181613,../Results/Hard00/SPO_hard00.baseline_0_Epoch0_330.pth
4,8005632.3700940125,../Results/Hard00/SPO_hard00.baseline_0_Epoch0_330.pth
5,6761535.672989748,../Results/Hard00/SPO_hard00.baseline_0_Epoch0_330.pth
6,8033266.44958004,../Results/Hard00/SPO_hard00.baseline_0_Epoch0_330.pth
7,9044371.697762528,../Results/Hard00/SPO_hard00.baseline_0_Epoch0_330.pth
8,8139844.91086268,../Results/Hard00/SPO_hard00.baseline_0_Epoch0_330.pth
9,7738158.318712914,../Results/Hard00/SPO_hard00.baseline_0_Epoch0_330.pth
10,7662685.355046805,../Results/Hard00/SPO_hard00.baseline_0_Epoch0_330.pth
11,6945047.3379076235,../Results/Hard00/SPO_hard00.baseline_0_Epoch0_330.pth
12,7414944.292469519,../Results/Hard00/SPO_hard00.baseline_0_Epoch0_330.pth
13,8076461.285630601,../Results/Hard00/SPO_hard00.baseline_0_Epoch0_330.pth
14,9042369.169428924,../Results/Hard00/SPO_hard00.baseline_0_Epoch0_330.pth
15,7894906.910656358,../Results/Hard00/SPO_hard00.baseline_0_Epoch0_330.pth
16,7003927.9579348415,../Results/Hard00/SPO_hard00.baseline_0_Epoch0_330.pth
17,8097430.313346425,../Results/Hard00/SPO_hard00.baseline_0_Epoch0_330.pth
18,8114010.176829602,../Results/Hard00/SPO_hard00.baseline_0_Epoch0_330.pth
19,7534078.927599458,../Results/Hard00/SPO_hard00.baseline_0_Epoch0_330.pth
20,8923742.017188642,../Results/Hard00/SPO_hard00.baseline_0_Epoch0_330.pth
21,10196265.86496061,../Results/Hard00/SPO_hard00.baseline_0_Epoch0_330.pth
22,6973102.662988807,../Results/Hard00/SPO_hard00.baseline_0_Epoch0_330.pth
23,7231470.895700378,../Results/Hard00/SPO_hard00.baseline_0_Epoch0_330.pth
24,7099491.011455292,../Results/Hard00/SPO_hard00.baseline_0_Epoch0_330.pth
25,6151160.1365410425,../Results/Hard00/SPO_hard00.baseline_0_Epoch0_330.pth
26,7007600.412729489,../Results/Hard00/SPO_hard00.baseline_0_Epoch0_330.pth
27,9113570.773456987,../Results/Hard00/SPO_hard00.baseline_0_Epoch0_330.pth
28,7315258.377804261,../Results/Hard00/SPO_hard00.baseline_0_Epoch0_330.pth
29,8803927.971191686,../Results/Hard00/SPO_hard00.baseline_0_Epoch0_330.pth
30,8310452.0880348785,../Results/Hard00/SPO_hard00.baseline_0_Epoch0_330.pth
31,7362513.713404794,../Results/Hard00/SPO_hard00.baseline_0_Epoch0_330.pth
32,7389599.959627349,../Results/Hard00/SPO_hard00.baseline_0_Epoch0_330.pth
33,7267733.552954853,../Results/Hard00/SPO_hard00.baseline_0_Epoch0_330.pth
34,7947340.750773422,../Results/Hard00/SPO_hard00.baseline_0_Epoch0_330.pth
35,10905145.48516415,../Results/Hard00/SPO_hard00.baseline_0_Epoch0_330.pth
36,9252314.883557925,../Results/Hard00/SPO_hard00.baseline_0_Epoch0_330.pth
37,7529784.38620717,../Results/Hard00/SPO_hard00.baseline_0_Epoch0_330.pth
38,6959318.551314279,../Results/Hard00/SPO_hard00.baseline_0_Epoch0_330.pth
39,7996036.926468623,../Results/Hard00/SPO_hard00.baseline_0_Epoch0_330.pth
40,6678053.104669178,../Results/Hard00/SPO_hard00.baseline_0_Epoch0_330.pth
41,9756498.649090493,../Results/Hard00/SPO_hard00.baseline_0_Epoch0_330.pth
42,8891829.25219218,../Results/Hard00/SPO_hard00.baseline_0_Epoch0_330.pth
43,7754348.61315579,../Results/Hard00/SPO_hard00.baseline_0_Epoch0_330.pth
44,6809479.185046298,../Results/Hard00/SPO_hard00.baseline_0_Epoch0_330.pth
45,9081649.660389923,../Results/Hard00/SPO_hard00.baseline_0_Epoch0_330.pth
46,6426743.473668248,../Results/Hard00/SPO_hard00.baseline_0_Epoch0_330.pth
47,6763408.46911593,../Results/Hard00/SPO_hard00.baseline_0_Epoch0_330.pth
48,7073415.082169567,../Results/Hard00/SPO_hard00.baseline_0_Epoch0_330.pth
49,8033739.790772602,../Results/Hard00/SPO_hard00.baseline_0_Epoch0_330.pth
50,7545958.080855396,../Results/Hard00/SPO_hard00.baseline_0_Epoch0_330.pth
51,6948255.547625893,../Results/Hard00/SPO_hard00.baseline_0_Epoch0_330.pth
52,6774717.8613352375,../Results/Hard00/SPO_hard00.baseline_0_Epoch0_330.pth
53,7240459.11027593,../Results/Hard00/SPO_hard00.baseline_0_Epoch0_330.pth
54,6067291.167125727,../Results/Hard00/SPO_hard00.baseline_0_Epoch0_330.pth
55,5708997.565917715,../Results/Hard00/SPO_hard00.baseline_0_Epoch0_330.pth
56,8760058.33377926,../Results/Hard00/SPO_hard00.baseline_0_Epoch0_330.pth
57,8009810.862118845,../Results/Hard00/SPO_hard00.baseline_0_Epoch0_330.pth
58,7265774.710317482,../Results/Hard00/SPO_hard00.baseline_0_Epoch0_330.pth
59,7812771.595927431,../Results/Hard00/SPO_hard00.baseline_0_Epoch0_330.pth
60,7166042.589732164,../Results/Hard00/SPO_hard00.baseline_0_Epoch0_330.pth
61,6416633.592039886,../Results/Hard00/SPO_hard00.baseline_0_Epoch0_330.pth
62,7532695.32904725,../Results/Hard00/SPO_hard00.baseline_0_Epoch0_330.pth
63,9091445.211858725,../Results/Hard00/SPO_hard00.baseline_0_Epoch0_330.pth
64,9219109.718015293,../Results/Hard00/SPO_hard00.baseline_0_Epoch0_330.pth
65,10162965.166265203,../Results/Hard00/SPO_hard00.baseline_0_Epoch0_330.pth
66,7306343.361522916,../Results/Hard00/SPO_hard00.baseline_0_Epoch0_330.pth
67,8194630.708895209,../Results/Hard00/SPO_hard00.baseline_0_Epoch0_330.pth
68,8144576.760030183,../Results/Hard00/SPO_hard00.baseline_0_Epoch0_330.pth
69,5614871.449240429,../Results/Hard00/SPO_hard00.baseline_0_Epoch0_330.pth
70,7748035.63232246,../Results/Hard00/SPO_hard00.baseline_0_Epoch0_330.pth
71,12571053.31232329,../Results/Hard00/SPO_hard00.baseline_0_Epoch0_330.pth
72,6167809.865453173,../Results/Hard00/SPO_hard00.baseline_0_Epoch0_330.pth
73,6294191.804469737,../Results/Hard00/SPO_hard00.baseline_0_Epoch0_330.pth
74,10927675.04101846,../Results/Hard00/SPO_hard00.baseline_0_Epoch0_330.pth
75,8575881.347291673,../Results/Hard00/SPO_hard00.baseline_0_Epoch0_330.pth
76,8377864.108655382,../Results/Hard00/SPO_hard00.baseline_0_Epoch0_330.pth
77,8087617.137882167,../Results/Hard00/SPO_hard00.baseline_0_Epoch0_330.pth
78,8477440.032601567,../Results/Hard00/SPO_hard00.baseline_0_Epoch0_330.pth
79,8610424.066371106,../Results/Hard00/SPO_hard00.baseline_0_Epoch0_330.pth
80,8719404.285994627,../Results/Hard00/SPO_hard00.baseline_0_Epoch0_330.pth
81,7299674.490802451,../Results/Hard00/SPO_hard00.baseline_0_Epoch0_330.pth
82,8057425.223609491,../Results/Hard00/SPO_hard00.baseline_0_Epoch0_330.pth
83,7066031.85562949,../Results/Hard00/SPO_hard00.baseline_0_Epoch0_330.pth
84,9776167.108314509,../Results/Hard00/SPO_hard00.baseline_0_Epoch0_330.pth
85,7895653.750166598,../Results/Hard00/SPO_hard00.baseline_0_Epoch0_330.pth
86,6893440.007206656,../Results/Hard00/SPO_hard00.baseline_0_Epoch0_330.pth
87,6850016.679472165,../Results/Hard00/SPO_hard00.baseline_0_Epoch0_330.pth
88,8584843.476720685,../Results/Hard00/SPO_hard00.baseline_0_Epoch0_330.pth
89,6768750.8804915855,../Results/Hard00/SPO_hard00.baseline_0_Epoch0_330.pth
90,6711909.082756757,../Results/Hard00/SPO_hard00.baseline_0_Epoch0_330.pth
91,6848741.34638804,../Results/Hard00/SPO_hard00.baseline_0_Epoch0_330.pth
92,8045722.664421201,../Results/Hard00/SPO_hard00.baseline_0_Epoch0_330.pth
93,8358099.292204515,../Results/Hard00/SPO_hard00.baseline_0_Epoch0_330.pth
94,8553174.896971868,../Results/Hard00/SPO_hard00.baseline_0_Epoch0_330.pth
95,7624976.410535428,../Results/Hard00/SPO_hard00.baseline_0_Epoch0_330.pth
96,6707276.159315393,../Results/Hard00/SPO_hard00.baseline_0_Epoch0_330.pth
97,8516847.016729802,../Results/Hard00/SPO_hard00.baseline_0_Epoch0_330.pth
98,10478216.528204829,../Results/Hard00/SPO_hard00.baseline_0_Epoch0_330.pth
99,7506793.359105412,../Results/Hard00/SPO_hard00.baseline_0_Epoch0_330.pth
100,8076954.307892039,../Results/Hard00/SPO_hard00.baseline_0_Epoch0_330.pth
101,10929091.046653576,../Results/Hard00/SPO_hard00.baseline_0_Epoch0_330.pth
102,6867413.440285657,../Results/Hard00/SPO_hard00.baseline_0_Epoch0_330.pth
103,7920573.854489195,../Results/Hard00/SPO_hard00.baseline_0_Epoch0_330.pth
104,6555089.594270655,../Results/Hard00/SPO_hard00.baseline_0_Epoch0_330.pth
105,8350532.753710778,../Results/Hard00/SPO_hard00.baseline_0_Epoch0_330.pth
106,7245899.773240978,../Results/Hard00/SPO_hard00.baseline_0_Epoch0_330.pth
107,6452340.66771036,../Results/Hard00/SPO_hard00.baseline_0_Epoch0_330.pth
108,7924440.764342683,../Results/Hard00/SPO_hard00.baseline_0_Epoch0_330.pth
109,8329114.590012173,../Results/Hard00/SPO_hard00.baseline_0_Epoch0_330.pth
110,6549557.431898442,../Results/Hard00/SPO_hard00.baseline_0_Epoch0_330.pth
111,4086797.4815994888,../Results/Hard00/SPO_hard00.baseline_0_Epoch0_330.pth
112,7319895.944570736,../Results/Hard00/SPO_hard00.baseline_0_Epoch0_330.pth
113,6616478.30405997,../Results/Hard00/SPO_hard00.baseline_0_Epoch0_330.pth
114,7441116.920382475,../Results/Hard00/SPO_hard00.baseline_0_Epoch0_330.pth
115,7331906.900376717,../Results/Hard00/SPO_hard00.baseline_0_Epoch0_330.pth
116,8184445.286223677,../Results/Hard00/SPO_hard00.baseline_0_Epoch0_330.pth
117,8366102.150355338,../Results/Hard00/SPO_hard00.baseline_0_Epoch0_330.pth
118,7785698.329732961,../Results/Hard00/SPO_hard00.baseline_0_Epoch0_330.pth
119,8101483.245149315,../Results/Hard00/SPO_hard00.baseline_0_Epoch0_330.pth
120,6926112.662847829,../Results/Hard00/SPO_hard00.baseline_0_Epoch0_330.pth
121,8987791.217475185,../Results/Hard00/SPO_hard00.baseline_0_Epoch0_330.pth
122,6574633.731410961,../Results/Hard00/SPO_hard00.baseline_0_Epoch0_330.pth
123,8221669.832725875,../Results/Hard00/SPO_hard00.baseline_0_Epoch0_330.pth
124,6362821.094268158,../Results/Hard00/SPO_hard00.baseline_0_Epoch0_330.pth
125,7182472.218316971,../Results/Hard00/SPO_hard00.baseline_0_Epoch0_330.pth
126,7441216.977928892,../Results/Hard00/SPO_hard00.baseline_0_Epoch0_330.pth
127,7478112.426661513,../Results/Hard00/SPO_hard00.baseline_0_Epoch0_330.pth
128,8439635.794728387,../Results/Hard00/SPO_hard00.baseline_0_Epoch0_330.pth
129,6211970.10138951,../Results/Hard00/SPO_hard00.baseline_0_Epoch0_330.pth
130,7785155.609445386,../Results/Hard00/SPO_hard00.baseline_0_Epoch0_330.pth
131,6913517.456593256,../Results/Hard00/SPO_hard00.baseline_0_Epoch0_330.pth
132,8576425.78203956,../Results/Hard00/SPO_hard00.baseline_0_Epoch0_330.pth
133,10141164.49701386,../Results/Hard00/SPO_hard00.baseline_0_Epoch0_330.pth
134,7693845.1067906935,../Results/Hard00/SPO_hard00.baseline_0_Epoch0_330.pth
135,6532185.164785011,../Results/Hard00/SPO_hard00.baseline_0_Epoch0_330.pth
136,8701223.324590372,../Results/Hard00/SPO_hard00.baseline_0_Epoch0_330.pth
137,8370946.638333521,../Results/Hard00/SPO_hard00.baseline_0_Epoch0_330.pth
138,8508779.663569152,../Results/Hard00/SPO_hard00.baseline_0_Epoch0_330.pth
139,8361466.1990620075,../Results/Hard00/SPO_hard00.baseline_0_Epoch0_330.pth
140,9015531.894475944,../Results/Hard00/SPO_hard00.baseline_0_Epoch0_330.pth
141,9036900.78940104,../Results/Hard00/SPO_hard00.baseline_0_Epoch0_330.pth
142,7715924.623935069,../Results/Hard00/SPO_hard00.baseline_0_Epoch0_330.pth
143,9136445.952546926,../Results/Hard00/SPO_hard00.baseline_0_Epoch0_330.pth
144,6868957.555063777,../Results/Hard00/SPO_hard00.baseline_0_Epoch0_330.pth
145,8581185.031049693,../Results/Hard00/SPO_hard00.baseline_0_Epoch0_330.pth
146,7691887.00478671,../Results/Hard00/SPO_hard00.baseline_0_Epoch0_330.pth
147,7830980.893806624,../Results/Hard00/SPO_hard00.baseline_0_Epoch0_330.pth
148,7742561.819009601,../Results/Hard00/SPO_hard00.baseline_0_Epoch0_330.pth
149,7511429.40568406,../Results/Hard00/SPO_hard00.baseline_0_Epoch0_330.pth
150,7199136.171340808,../Results/Hard00/SPO_hard00.baseline_0_Epoch0_330.pth
151,10934122.800442263,../Results/Hard00/SPO_hard00.baseline_0_Epoch0_330.pth
152,8850019.768860457,../Results/Hard00/SPO_hard00.baseline_0_Epoch0_330.pth
153,6993358.388771672,../Results/Hard00/SPO_hard00.baseline_0_Epoch0_330.pth
154,10381681.745279323,../Results/Hard00/SPO_hard00.baseline_0_Epoch0_330.pth
155,7325769.758112118,../Results/Hard00/SPO_hard00.baseline_0_Epoch0_330.pth
156,7889747.666227071,../Results/Hard00/SPO_hard00.baseline_0_Epoch0_330.pth
157,6803026.000459719,../Results/Hard00/SPO_hard00.baseline_0_Epoch0_330.pth
158,6690933.3640970085,../Results/Hard00/SPO_hard00.baseline_0_Epoch0_330.pth
159,6102671.271259659,../Results/Hard00/SPO_hard00.baseline_0_Epoch0_330.pth
160,6470411.189030852,../Results/Hard00/SPO_hard00.baseline_0_Epoch0_330.pth
161,8524216.6315559,../Results/Hard00/SPO_hard00.baseline_0_Epoch0_330.pth
162,7818456.246301653,../Results/Hard00/SPO_hard00.baseline_0_Epoch0_330.pth
163,7985785.069956232,../Results/Hard00/SPO_hard00.baseline_0_Epoch0_330.pth
164,8348687.230748149,../Results/Hard00/SPO_hard00.baseline_0_Epoch0_330.pth
165,6288445.646506678,../Results/Hard00/SPO_hard00.baseline_0_Epoch0_330.pth
166,5940105.838318292,../Results/Hard00/SPO_hard00.baseline_0_Epoch0_330.pth
167,5785585.682415385,../Results/Hard00/SPO_hard00.baseline_0_Epoch0_330.pth
168,6274978.429339436,../Results/Hard00/SPO_hard00.baseline_0_Epoch0_330.pth
169,6148360.057241049,../Results/Hard00/SPO_hard00.baseline_0_Epoch0_330.pth
170,8224113.301500602,../Results/Hard00/SPO_hard00.baseline_0_Epoch0_330.pth
171,6213269.731594411,../Results/Hard00/SPO_hard00.baseline_0_Epoch0_330.pth
172,6230665.085426053,../Results/Hard00/SPO_hard00.baseline_0_Epoch0_330.pth
173,8434387.37065943,../Results/Hard00/SPO_hard00.baseline_0_Epoch0_330.pth
174,7747879.211673031,../Results/Hard00/SPO_hard00.baseline_0_Epoch0_330.pth
175,9494416.44753473,../Results/Hard00/SPO_hard00.baseline_0_Epoch0_330.pth
176,6720281.630170143,../Results/Hard00/SPO_hard00.baseline_0_Epoch0_330.pth
0,8059857.843520792,../Results/Hard00/SPO_hard00.prebest_0_Epoch0_440.pth
1,8333535.708482871,../Results/Hard00/SPO_hard00.prebest_0_Epoch0_440.pth
2,7292477.836558553,../Results/Hard00/SPO_hard00.prebest_0_Epoch0_440.pth
3,7527697.9727383265,../Results/Hard00/SPO_hard00.prebest_0_Epoch0_440.pth
4,7992058.425419531,../Results/Hard00/SPO_hard00.prebest_0_Epoch0_440.pth
5,6761249.712716058,../Results/Hard00/SPO_hard00.prebest_0_Epoch0_440.pth
6,8035591.295627627,../Results/Hard00/SPO_hard00.prebest_0_Epoch0_440.pth
7,9044371.706864957,../Results/Hard00/SPO_hard00.prebest_0_Epoch0_440.pth
8,8139184.230651553,../Results/Hard00/SPO_hard00.prebest_0_Epoch0_440.pth
9,7738131.758549187,../Results/Hard00/SPO_hard00.prebest_0_Epoch0_440.pth
10,7651969.439773404,../Results/Hard00/SPO_hard00.prebest_0_Epoch0_440.pth
11,6945679.248101481,../Results/Hard00/SPO_hard00.prebest_0_Epoch0_440.pth
12,7458368.351325579,../Results/Hard00/SPO_hard00.prebest_0_Epoch0_440.pth
13,8076521.257275158,../Results/Hard00/SPO_hard00.prebest_0_Epoch0_440.pth
14,8970921.064803474,../Results/Hard00/SPO_hard00.prebest_0_Epoch0_440.pth
15,7893887.074817781,../Results/Hard00/SPO_hard00.prebest_0_Epoch0_440.pth
16,7001484.18583611,../Results/Hard00/SPO_hard00.prebest_0_Epoch0_440.pth
17,8100439.7147608735,../Results/Hard00/SPO_hard00.prebest_0_Epoch0_440.pth
18,8113626.387381961,../Results/Hard00/SPO_hard00.prebest_0_Epoch0_440.pth
19,7534168.943035353,../Results/Hard00/SPO_hard00.prebest_0_Epoch0_440.pth
20,8922773.090978885,../Results/Hard00/SPO_hard00.prebest_0_Epoch0_440.pth
21,10189389.61093962,../Results/Hard00/SPO_hard00.prebest_0_Epoch0_440.pth
22,6972937.714359104,../Results/Hard00/SPO_hard00.prebest_0_Epoch0_440.pth
23,7229696.49452751,../Results/Hard00/SPO_hard00.prebest_0_Epoch0_440.pth
24,7091740.406817128,../Results/Hard00/SPO_hard00.prebest_0_Epoch0_440.pth
25,6150636.964180411,../Results/Hard00/SPO_hard00.prebest_0_Epoch0_440.pth
26,7022139.264021857,../Results/Hard00/SPO_hard00.prebest_0_Epoch0_440.pth
27,9113570.788880643,../Results/Hard00/SPO_hard00.prebest_0_Epoch0_440.pth
28,7320087.561406114,../Results/Hard00/SPO_hard00.prebest_0_Epoch0_440.pth
29,8804224.423705969,../Results/Hard00/SPO_hard00.prebest_0_Epoch0_440.pth
30,8310573.33421564,../Results/Hard00/SPO_hard00.prebest_0_Epoch0_440.pth
31,7360838.414915242,../Results/Hard00/SPO_hard00.prebest_0_Epoch0_440.pth
32,7390620.508475881,../Results/Hard00/SPO_hard00.prebest_0_Epoch0_440.pth
33,7267663.363749528,../Results/Hard00/SPO_hard00.prebest_0_Epoch0_440.pth
34,7949352.202275582,../Results/Hard00/SPO_hard00.prebest_0_Epoch0_440.pth
35,10906206.742644966,../Results/Hard00/SPO_hard00.prebest_0_Epoch0_440.pth
36,9252314.883557925,../Results/Hard00/SPO_hard00.prebest_0_Epoch0_440.pth
37,7529168.224839248,../Results/Hard00/SPO_hard00.prebest_0_Epoch0_440.pth
38,6961950.306620665,../Results/Hard00/SPO_hard00.prebest_0_Epoch0_440.pth
39,7996035.651467877,../Results/Hard00/SPO_hard00.prebest_0_Epoch0_440.pth
40,6638081.73165149,../Results/Hard00/SPO_hard00.prebest_0_Epoch0_440.pth
41,9754005.293076523,../Results/Hard00/SPO_hard00.prebest_0_Epoch0_440.pth
42,8891990.343003158,../Results/Hard00/SPO_hard00.prebest_0_Epoch0_440.pth
43,7749896.508797807,../Results/Hard00/SPO_hard00.prebest_0_Epoch0_440.pth
44,6809474.764619662,../Results/Hard00/SPO_hard00.prebest_0_Epoch0_440.pth
45,9082315.453562543,../Results/Hard00/SPO_hard00.prebest_0_Epoch0_440.pth
46,6427056.552966368,../Results/Hard00/SPO_hard00.prebest_0_Epoch0_440.pth
47,6763273.890321377,../Results/Hard00/SPO_hard00.prebest_0_Epoch0_440.pth
48,7073392.421294814,../Results/Hard00/SPO_hard00.prebest_0_Epoch0_440.pth
49,8034398.294625425,../Results/Hard00/SPO_hard00.prebest_0_Epoch0_440.pth
50,7546899.016015446,../Results/Hard00/SPO_hard00.prebest_0_Epoch0_440.pth
51,6952489.561122596,../Results/Hard00/SPO_hard00.prebest_0_Epoch0_440.pth
52,6794972.7610352365,../Results/Hard00/SPO_hard00.prebest_0_Epoch0_440.pth
53,7208994.494192847,../Results/Hard00/SPO_hard00.prebest_0_Epoch0_440.pth
54,6067291.049965049,../Results/Hard00/SPO_hard00.prebest_0_Epoch0_440.pth
55,5707620.944137871,../Results/Hard00/SPO_hard00.prebest_0_Epoch0_440.pth
56,8758840.472050302,../Results/Hard00/SPO_hard00.prebest_0_Epoch0_440.pth
57,8009147.594609421,../Results/Hard00/SPO_hard00.prebest_0_Epoch0_440.pth
58,7265706.08315186,../Results/Hard00/SPO_hard00.prebest_0_Epoch0_440.pth
59,7812570.194111931,../Results/Hard00/SPO_hard00.prebest_0_Epoch0_440.pth
60,7165753.693019096,../Results/Hard00/SPO_hard00.prebest_0_Epoch0_440.pth
61,6420000.483664075,../Results/Hard00/SPO_hard00.prebest_0_Epoch0_440.pth
62,7532695.321952511,../Results/Hard00/SPO_hard00.prebest_0_Epoch0_440.pth
63,9097634.498462591,../Results/Hard00/SPO_hard00.prebest_0_Epoch0_440.pth
64,9220596.669713045,../Results/Hard00/SPO_hard00.prebest_0_Epoch0_440.pth
65,10161708.06532188,../Results/Hard00/SPO_hard00.prebest_0_Epoch0_440.pth
66,7306340.068568534,../Results/Hard00/SPO_hard00.prebest_0_Epoch0_440.pth
67,8194772.967153216,../Results/Hard00/SPO_hard00.prebest_0_Epoch0_440.pth
68,8140772.331982062,../Results/Hard00/SPO_hard00.prebest_0_Epoch0_440.pth
69,5617835.941682523,../Results/Hard00/SPO_hard00.prebest_0_Epoch0_440.pth
70,7748032.047950072,../Results/Hard00/SPO_hard00.prebest_0_Epoch0_440.pth
71,12570342.897036282,../Results/Hard00/SPO_hard00.prebest_0_Epoch0_440.pth
72,6167877.856314404,../Results/Hard00/SPO_hard00.prebest_0_Epoch0_440.pth
73,6291558.474613058,../Results/Hard00/SPO_hard00.prebest_0_Epoch0_440.pth
74,10927204.4400351,../Results/Hard00/SPO_hard00.prebest_0_Epoch0_440.pth
75,8573438.403503625,../Results/Hard00/SPO_hard00.prebest_0_Epoch0_440.pth
76,8377889.368661244,../Results/Hard00/SPO_hard00.prebest_0_Epoch0_440.pth
77,8082876.321206054,../Results/Hard00/SPO_hard00.prebest_0_Epoch0_440.pth
78,8480172.447694145,../Results/Hard00/SPO_hard00.prebest_0_Epoch0_440.pth
79,8609409.766588315,../Results/Hard00/SPO_hard00.prebest_0_Epoch0_440.pth
80,8633135.441487724,../Results/Hard00/SPO_hard00.prebest_0_Epoch0_440.pth
81,7299732.198554831,../Results/Hard00/SPO_hard00.prebest_0_Epoch0_440.pth
82,8057520.407976903,../Results/Hard00/SPO_hard00.prebest_0_Epoch0_440.pth
83,7071225.054335506,../Results/Hard00/SPO_hard00.prebest_0_Epoch0_440.pth
84,9776688.909661677,../Results/Hard00/SPO_hard00.prebest_0_Epoch0_440.pth
85,7881045.6771595385,../Results/Hard00/SPO_hard00.prebest_0_Epoch0_440.pth
86,6889326.557194179,../Results/Hard00/SPO_hard00.prebest_0_Epoch0_440.pth
87,6849913.212480823,../Results/Hard00/SPO_hard00.prebest_0_Epoch0_440.pth
88,8603926.817095378,../Results/Hard00/SPO_hard00.prebest_0_Epoch0_440.pth
89,6769936.292724165,../Results/Hard00/SPO_hard00.prebest_0_Epoch0_440.pth
90,6712787.256384129,../Results/Hard00/SPO_hard00.prebest_0_Epoch0_440.pth
91,6849418.410973289,../Results/Hard00/SPO_hard00.prebest_0_Epoch0_440.pth
92,8045347.463847124,../Results/Hard00/SPO_hard00.prebest_0_Epoch0_440.pth
93,8313155.846242849,../Results/Hard00/SPO_hard00.prebest_0_Epoch0_440.pth
94,8550604.647699153,../Results/Hard00/SPO_hard00.prebest_0_Epoch0_440.pth
95,7621540.858674955,../Results/Hard00/SPO_hard00.prebest_0_Epoch0_440.pth
96,6706246.707859261,../Results/Hard00/SPO_hard00.prebest_0_Epoch0_440.pth
97,8511013.579647927,../Results/Hard00/SPO_hard00.prebest_0_Epoch0_440.pth
98,10479881.405736946,../Results/Hard00/SPO_hard00.prebest_0_Epoch0_440.pth
99,7507045.780404085,../Results/Hard00/SPO_hard00.prebest_0_Epoch0_440.pth
100,8060834.835525205,../Results/Hard00/SPO_hard00.prebest_0_Epoch0_440.pth
101,10907591.938382626,../Results/Hard00/SPO_hard00.prebest_0_Epoch0_440.pth
102,6870039.172186149,../Results/Hard00/SPO_hard00.prebest_0_Epoch0_440.pth
103,7920533.752048551,../Results/Hard00/SPO_hard00.prebest_0_Epoch0_440.pth
104,6555838.147725152,../Results/Hard00/SPO_hard00.prebest_0_Epoch0_440.pth
105,8350957.679741064,../Results/Hard00/SPO_hard00.prebest_0_Epoch0_440.pth
106,7245811.962829203,../Results/Hard00/SPO_hard00.prebest_0_Epoch0_440.pth
107,6452171.594760812,../Results/Hard00/SPO_hard00.prebest_0_Epoch0_440.pth
108,7942408.210788139,../Results/Hard00/SPO_hard00.prebest_0_Epoch0_440.pth
109,8329102.616876045,../Results/Hard00/SPO_hard00.prebest_0_Epoch0_440.pth
110,6534113.029059292,../Results/Hard00/SPO_hard00.prebest_0_Epoch0_440.pth
111,4086797.5145488456,../Results/Hard00/SPO_hard00.prebest_0_Epoch0_440.pth
112,7320089.725599201,../Results/Hard00/SPO_hard00.prebest_0_Epoch0_440.pth
113,6613801.389427521,../Results/Hard00/SPO_hard00.prebest_0_Epoch0_440.pth
114,7454273.897230004,../Results/Hard00/SPO_hard00.prebest_0_Epoch0_440.pth
115,7330237.913067647,../Results/Hard00/SPO_hard00.prebest_0_Epoch0_440.pth
116,8181876.920901605,../Results/Hard00/SPO_hard00.prebest_0_Epoch0_440.pth
117,8359841.224333516,../Results/Hard00/SPO_hard00.prebest_0_Epoch0_440.pth
118,7784808.374226778,../Results/Hard00/SPO_hard00.prebest_0_Epoch0_440.pth
119,8107416.940679973,../Results/Hard00/SPO_hard00.prebest_0_Epoch0_440.pth
120,6926114.936442175,../Results/Hard00/SPO_hard00.prebest_0_Epoch0_440.pth
121,8987371.974642124,../Results/Hard00/SPO_hard00.prebest_0_Epoch0_440.pth
122,6574575.723754587,../Results/Hard00/SPO_hard00.prebest_0_Epoch0_440.pth
123,8221654.097523915,../Results/Hard00/SPO_hard00.prebest_0_Epoch0_440.pth
124,6362821.094268158,../Results/Hard00/SPO_hard00.prebest_0_Epoch0_440.pth
125,7180703.353800517,../Results/Hard00/SPO_hard00.prebest_0_Epoch0_440.pth
126,7401383.277719969,../Results/Hard00/SPO_hard00.prebest_0_Epoch0_440.pth
127,7477689.7100137845,../Results/Hard00/SPO_hard00.prebest_0_Epoch0_440.pth
128,8388467.627834549,../Results/Hard00/SPO_hard00.prebest_0_Epoch0_440.pth
129,6212496.8233344,../Results/Hard00/SPO_hard00.prebest_0_Epoch0_440.pth
130,7785371.132071436,../Results/Hard00/SPO_hard00.prebest_0_Epoch0_440.pth
131,6913503.977354344,../Results/Hard00/SPO_hard00.prebest_0_Epoch0_440.pth
132,8576459.130415691,../Results/Hard00/SPO_hard00.prebest_0_Epoch0_440.pth
133,10144929.463874334,../Results/Hard00/SPO_hard00.prebest_0_Epoch0_440.pth
134,7693792.302834584,../Results/Hard00/SPO_hard00.prebest_0_Epoch0_440.pth
135,6532183.894220851,../Results/Hard00/SPO_hard00.prebest_0_Epoch0_440.pth
136,8700067.360290367,../Results/Hard00/SPO_hard00.prebest_0_Epoch0_440.pth
137,8370946.638211339,../Results/Hard00/SPO_hard00.prebest_0_Epoch0_440.pth
138,8508794.54430236,../Results/Hard00/SPO_hard00.prebest_0_Epoch0_440.pth
139,8361466.215416117,../Results/Hard00/SPO_hard00.prebest_0_Epoch0_440.pth
140,9015437.311703624,../Results/Hard00/SPO_hard00.prebest_0_Epoch0_440.pth
141,9037265.715420665,../Results/Hard00/SPO_hard00.prebest_0_Epoch0_440.pth
142,7715711.573501474,../Results/Hard00/SPO_hard00.prebest_0_Epoch0_440.pth
143,9137160.866253518,../Results/Hard00/SPO_hard00.prebest_0_Epoch0_440.pth
144,6868742.350857112,../Results/Hard00/SPO_hard00.prebest_0_Epoch0_440.pth
145,8581128.251134641,../Results/Hard00/SPO_hard00.prebest_0_Epoch0_440.pth
146,7691887.001356029,../Results/Hard00/SPO_hard00.prebest_0_Epoch0_440.pth
147,7829938.957542656,../Results/Hard00/SPO_hard00.prebest_0_Epoch0_440.pth
148,7742616.514472274,../Results/Hard00/SPO_hard00.prebest_0_Epoch0_440.pth
149,7511401.958783008,../Results/Hard00/SPO_hard00.prebest_0_Epoch0_440.pth
150,7200042.001008973,../Results/Hard00/SPO_hard00.prebest_0_Epoch0_440.pth
151,10936879.550536929,../Results/Hard00/SPO_hard00.prebest_0_Epoch0_440.pth
152,8850019.77276872,../Results/Hard00/SPO_hard00.prebest_0_Epoch0_440.pth
153,6993358.392344159,../Results/Hard00/SPO_hard00.prebest_0_Epoch0_440.pth
154,10381427.924159814,../Results/Hard00/SPO_hard00.prebest_0_Epoch0_440.pth
155,7325435.310197686,../Results/Hard00/SPO_hard00.prebest_0_Epoch0_440.pth
156,7889780.641065607,../Results/Hard00/SPO_hard00.prebest_0_Epoch0_440.pth
157,6802815.400763651,../Results/Hard00/SPO_hard00.prebest_0_Epoch0_440.pth
158,6691129.900874643,../Results/Hard00/SPO_hard00.prebest_0_Epoch0_440.pth
159,6101037.564053262,../Results/Hard00/SPO_hard00.prebest_0_Epoch0_440.pth
160,6460935.5664034905,../Results/Hard00/SPO_hard00.prebest_0_Epoch0_440.pth
161,8522725.761494007,../Results/Hard00/SPO_hard00.prebest_0_Epoch0_440.pth
162,7809704.1272957,../Results/Hard00/SPO_hard00.prebest_0_Epoch0_440.pth
163,7986124.912420773,../Results/Hard00/SPO_hard00.prebest_0_Epoch0_440.pth
164,8346461.229776547,../Results/Hard00/SPO_hard00.prebest_0_Epoch0_440.pth
165,6286272.663239633,../Results/Hard00/SPO_hard00.prebest_0_Epoch0_440.pth
166,5940108.986298291,../Results/Hard00/SPO_hard00.prebest_0_Epoch0_440.pth
167,5785585.683943004,../Results/Hard00/SPO_hard00.prebest_0_Epoch0_440.pth
168,6269567.8051313795,../Results/Hard00/SPO_hard00.prebest_0_Epoch0_440.pth
169,6138628.809284032,../Results/Hard00/SPO_hard00.prebest_0_Epoch0_440.pth
170,8225941.577518304,../Results/Hard00/SPO_hard00.prebest_0_Epoch0_440.pth
171,6212939.133045642,../Results/Hard00/SPO_hard00.prebest_0_Epoch0_440.pth
172,6230382.596741621,../Results/Hard00/SPO_hard00.prebest_0_Epoch0_440.pth
173,8434379.596305622,../Results/Hard00/SPO_hard00.prebest_0_Epoch0_440.pth
174,7753242.5777804535,../Results/Hard00/SPO_hard00.prebest_0_Epoch0_440.pth
175,9494130.233030887,../Results/Hard00/SPO_hard00.prebest_0_Epoch0_440.pth
176,6720281.631203396,../Results/Hard00/SPO_hard00.prebest_0_Epoch0_440.pth
0,8059887.749937164,../Results/Hard00/SPO_hard00.presolve_0_Epoch0_350.pth
1,8333720.595545086,../Results/Hard00/SPO_hard00.presolve_0_Epoch0_350.pth
2,7292553.843890404,../Results/Hard00/SPO_hard00.presolve_0_Epoch0_350.pth
3,7527767.155195894,../Results/Hard00/SPO_hard00.presolve_0_Epoch0_350.pth
4,8000157.202702846,../Results/Hard00/SPO_hard00.presolve_0_Epoch0_350.pth
5,6761718.6887089405,../Results/Hard00/SPO_hard00.presolve_0_Epoch0_350.pth
6,8033413.030327286,../Results/Hard00/SPO_hard00.presolve_0_Epoch0_350.pth
7,9044356.3620764,../Results/Hard00/SPO_hard00.presolve_0_Epoch0_350.pth
8,8138435.600991636,../Results/Hard00/SPO_hard00.presolve_0_Epoch0_350.pth
9,7738152.5184306,../Results/Hard00/SPO_hard00.presolve_0_Epoch0_350.pth
10,7617551.836937622,../Results/Hard00/SPO_hard00.presolve_0_Epoch0_350.pth
11,6944937.344660715,../Results/Hard00/SPO_hard00.presolve_0_Epoch0_350.pth
12,7458561.081317807,../Results/Hard00/SPO_hard00.presolve_0_Epoch0_350.pth
13,8072409.730806362,../Results/Hard00/SPO_hard00.presolve_0_Epoch0_350.pth
14,8960721.061890338,../Results/Hard00/SPO_hard00.presolve_0_Epoch0_350.pth
15,7893887.075350591,../Results/Hard00/SPO_hard00.presolve_0_Epoch0_350.pth
16,7012141.622871677,../Results/Hard00/SPO_hard00.presolve_0_Epoch0_350.pth
17,8100439.713919039,../Results/Hard00/SPO_hard00.presolve_0_Epoch0_350.pth
18,8112171.091085092,../Results/Hard00/SPO_hard00.presolve_0_Epoch0_350.pth
19,7534954.965121439,../Results/Hard00/SPO_hard00.presolve_0_Epoch0_350.pth
20,8923310.471292537,../Results/Hard00/SPO_hard00.presolve_0_Epoch0_350.pth
21,10191405.673650939,../Results/Hard00/SPO_hard00.presolve_0_Epoch0_350.pth
22,6976099.196540175,../Results/Hard00/SPO_hard00.presolve_0_Epoch0_350.pth
23,7236539.153019321,../Results/Hard00/SPO_hard00.presolve_0_Epoch0_350.pth
24,7110171.10295589,../Results/Hard00/SPO_hard00.presolve_0_Epoch0_350.pth
25,6151123.14655295,../Results/Hard00/SPO_hard00.presolve_0_Epoch0_350.pth
26,7025217.963592869,../Results/Hard00/SPO_hard00.presolve_0_Epoch0_350.pth
27,9113570.772697588,../Results/Hard00/SPO_hard00.presolve_0_Epoch0_350.pth
28,7317354.824062616,../Results/Hard00/SPO_hard00.presolve_0_Epoch0_350.pth
29,8803280.131179297,../Results/Hard00/SPO_hard00.presolve_0_Epoch0_350.pth
30,8310593.844731835,../Results/Hard00/SPO_hard00.presolve_0_Epoch0_350.pth
31,7345713.640584719,../Results/Hard00/SPO_hard00.presolve_0_Epoch0_350.pth
32,7386243.579760735,../Results/Hard00/SPO_hard00.presolve_0_Epoch0_350.pth
33,7267191.9640238015,../Results/Hard00/SPO_hard00.presolve_0_Epoch0_350.pth
34,7947001.301772831,../Results/Hard00/SPO_hard00.presolve_0_Epoch0_350.pth
35,10903736.528302196,../Results/Hard00/SPO_hard00.presolve_0_Epoch0_350.pth
36,9252573.166348709,../Results/Hard00/SPO_hard00.presolve_0_Epoch0_350.pth
37,7535330.671547974,../Results/Hard00/SPO_hard00.presolve_0_Epoch0_350.pth
38,6961340.68388048,../Results/Hard00/SPO_hard00.presolve_0_Epoch0_350.pth
39,7996587.026552958,../Results/Hard00/SPO_hard00.presolve_0_Epoch0_350.pth
40,6678583.730727984,../Results/Hard00/SPO_hard00.presolve_0_Epoch0_350.pth
41,9758893.731845735,../Results/Hard00/SPO_hard00.presolve_0_Epoch0_350.pth
42,8891856.360015258,../Results/Hard00/SPO_hard00.presolve_0_Epoch0_350.pth
43,7802526.166002359,../Results/Hard00/SPO_hard00.presolve_0_Epoch0_350.pth
44,6869896.103212966,../Results/Hard00/SPO_hard00.presolve_0_Epoch0_350.pth
45,9090324.777748322,../Results/Hard00/SPO_hard00.presolve_0_Epoch0_350.pth
46,6428088.452658772,../Results/Hard00/SPO_hard00.presolve_0_Epoch0_350.pth
47,6764262.600691301,../Results/Hard00/SPO_hard00.presolve_0_Epoch0_350.pth
48,7073725.057656073,../Results/Hard00/SPO_hard00.presolve_0_Epoch0_350.pth
49,8035170.368269563,../Results/Hard00/SPO_hard00.presolve_0_Epoch0_350.pth
50,7546622.65898206,../Results/Hard00/SPO_hard00.presolve_0_Epoch0_350.pth
51,6952489.562242946,../Results/Hard00/SPO_hard00.presolve_0_Epoch0_350.pth
52,6774748.127413088,../Results/Hard00/SPO_hard00.presolve_0_Epoch0_350.pth
53,7331285.129537844,../Results/Hard00/SPO_hard00.presolve_0_Epoch0_350.pth
54,6066360.695289277,../Results/Hard00/SPO_hard00.presolve_0_Epoch0_350.pth
55,5779338.43509405,../Results/Hard00/SPO_hard00.presolve_0_Epoch0_350.pth
56,8758598.87502676,../Results/Hard00/SPO_hard00.presolve_0_Epoch0_350.pth
57,8011260.396928063,../Results/Hard00/SPO_hard00.presolve_0_Epoch0_350.pth
58,7265388.612483315,../Results/Hard00/SPO_hard00.presolve_0_Epoch0_350.pth
59,7812927.869154631,../Results/Hard00/SPO_hard00.presolve_0_Epoch0_350.pth
60,7168017.464999099,../Results/Hard00/SPO_hard00.presolve_0_Epoch0_350.pth
61,6432024.78852517,../Results/Hard00/SPO_hard00.presolve_0_Epoch0_350.pth
62,7532959.945113674,../Results/Hard00/SPO_hard00.presolve_0_Epoch0_350.pth
63,9105574.229117991,../Results/Hard00/SPO_hard00.presolve_0_Epoch0_350.pth
64,9219721.56440163,../Results/Hard00/SPO_hard00.presolve_0_Epoch0_350.pth
65,10158966.908081643,../Results/Hard00/SPO_hard00.presolve_0_Epoch0_350.pth
66,7321829.520665863,../Results/Hard00/SPO_hard00.presolve_0_Epoch0_350.pth
67,8194539.580430705,../Results/Hard00/SPO_hard00.presolve_0_Epoch0_350.pth
68,8149443.284541453,../Results/Hard00/SPO_hard00.presolve_0_Epoch0_350.pth
69,5615607.763892834,../Results/Hard00/SPO_hard00.presolve_0_Epoch0_350.pth
70,7748035.632322461,../Results/Hard00/SPO_hard00.presolve_0_Epoch0_350.pth
71,12568000.176880738,../Results/Hard00/SPO_hard00.presolve_0_Epoch0_350.pth
72,6170883.699873147,../Results/Hard00/SPO_hard00.presolve_0_Epoch0_350.pth
73,6310470.058836653,../Results/Hard00/SPO_hard00.presolve_0_Epoch0_350.pth
74,10931114.01771542,../Results/Hard00/SPO_hard00.presolve_0_Epoch0_350.pth
75,8597631.95869751,../Results/Hard00/SPO_hard00.presolve_0_Epoch0_350.pth
76,8383880.865359551,../Results/Hard00/SPO_hard00.presolve_0_Epoch0_350.pth
77,8083816.3213144895,../Results/Hard00/SPO_hard00.presolve_0_Epoch0_350.pth
78,8479328.082528781,../Results/Hard00/SPO_hard00.presolve_0_Epoch0_350.pth
79,8609368.140616661,../Results/Hard00/SPO_hard00.presolve_0_Epoch0_350.pth
80,8680420.411751693,../Results/Hard00/SPO_hard00.presolve_0_Epoch0_350.pth
81,7300402.7902059425,../Results/Hard00/SPO_hard00.presolve_0_Epoch0_350.pth
82,8057681.881176976,../Results/Hard00/SPO_hard00.presolve_0_Epoch0_350.pth
83,7068109.605497613,../Results/Hard00/SPO_hard00.presolve_0_Epoch0_350.pth
84,9776695.107206926,../Results/Hard00/SPO_hard00.presolve_0_Epoch0_350.pth
85,7898634.985585076,../Results/Hard00/SPO_hard00.presolve_0_Epoch0_350.pth
86,6893593.796560043,../Results/Hard00/SPO_hard00.presolve_0_Epoch0_350.pth
87,6849943.397282532,../Results/Hard00/SPO_hard00.presolve_0_Epoch0_350.pth
88,8605284.929575605,../Results/Hard00/SPO_hard00.presolve_0_Epoch0_350.pth
89,6843053.780523975,../Results/Hard00/SPO_hard00.presolve_0_Epoch0_350.pth
90,6717837.942999941,../Results/Hard00/SPO_hard00.presolve_0_Epoch0_350.pth
91,6849652.045397801,../Results/Hard00/SPO_hard00.presolve_0_Epoch0_350.pth
92,8045584.448376337,../Results/Hard00/SPO_hard00.presolve_0_Epoch0_350.pth
93,8342574.785761221,../Results/Hard00/SPO_hard00.presolve_0_Epoch0_350.pth
94,8553174.89685063,../Results/Hard00/SPO_hard00.presolve_0_Epoch0_350.pth
95,7623850.568589187,../Results/Hard00/SPO_hard00.presolve_0_Epoch0_350.pth
96,6707413.254681491,../Results/Hard00/SPO_hard00.presolve_0_Epoch0_350.pth
97,8511013.573981969,../Results/Hard00/SPO_hard00.presolve_0_Epoch0_350.pth
98,10479476.407221131,../Results/Hard00/SPO_hard00.presolve_0_Epoch0_350.pth
99,7507749.741795451,../Results/Hard00/SPO_hard00.presolve_0_Epoch0_350.pth
100,8060293.992159392,../Results/Hard00/SPO_hard00.presolve_0_Epoch0_350.pth
101,10928816.3879493,../Results/Hard00/SPO_hard00.presolve_0_Epoch0_350.pth
102,6866887.544473284,../Results/Hard00/SPO_hard00.presolve_0_Epoch0_350.pth
103,7920577.946848757,../Results/Hard00/SPO_hard00.presolve_0_Epoch0_350.pth
104,6554861.365521038,../Results/Hard00/SPO_hard00.presolve_0_Epoch0_350.pth
105,8351950.023237518,../Results/Hard00/SPO_hard00.presolve_0_Epoch0_350.pth
106,7245901.6974447565,../Results/Hard00/SPO_hard00.presolve_0_Epoch0_350.pth
107,6452370.381467802,../Results/Hard00/SPO_hard00.presolve_0_Epoch0_350.pth
108,7999104.377452728,../Results/Hard00/SPO_hard00.presolve_0_Epoch0_350.pth
109,8328861.347871634,../Results/Hard00/SPO_hard00.presolve_0_Epoch0_350.pth
110,6497592.917348697,../Results/Hard00/SPO_hard00.presolve_0_Epoch0_350.pth
111,4094301.8504883917,../Results/Hard00/SPO_hard00.presolve_0_Epoch0_350.pth
112,7323224.580064148,../Results/Hard00/SPO_hard00.presolve_0_Epoch0_350.pth
113,6614313.160937742,../Results/Hard00/SPO_hard00.presolve_0_Epoch0_350.pth
114,7439809.51790921,../Results/Hard00/SPO_hard00.presolve_0_Epoch0_350.pth
115,7331649.016652872,../Results/Hard00/SPO_hard00.presolve_0_Epoch0_350.pth
116,8181926.267380599,../Results/Hard00/SPO_hard00.presolve_0_Epoch0_350.pth
117,8262821.0128876185,../Results/Hard00/SPO_hard00.presolve_0_Epoch0_350.pth
118,7784702.122399479,../Results/Hard00/SPO_hard00.presolve_0_Epoch0_350.pth
119,8101045.700950124,../Results/Hard00/SPO_hard00.presolve_0_Epoch0_350.pth
120,6926528.56632606,../Results/Hard00/SPO_hard00.presolve_0_Epoch0_350.pth
121,8986931.357842125,../Results/Hard00/SPO_hard00.presolve_0_Epoch0_350.pth
122,6581252.642437028,../Results/Hard00/SPO_hard00.presolve_0_Epoch0_350.pth
123,8221661.50061069,../Results/Hard00/SPO_hard00.presolve_0_Epoch0_350.pth
124,6363057.588123388,../Results/Hard00/SPO_hard00.presolve_0_Epoch0_350.pth
125,7190067.561880062,../Results/Hard00/SPO_hard00.presolve_0_Epoch0_350.pth
126,7441119.976501331,../Results/Hard00/SPO_hard00.presolve_0_Epoch0_350.pth
127,7479327.5463202745,../Results/Hard00/SPO_hard00.presolve_0_Epoch0_350.pth
128,8401103.995388128,../Results/Hard00/SPO_hard00.presolve_0_Epoch0_350.pth
129,6212248.325929791,../Results/Hard00/SPO_hard00.presolve_0_Epoch0_350.pth
130,7785559.545243381,../Results/Hard00/SPO_hard00.presolve_0_Epoch0_350.pth
131,6913789.881141871,../Results/Hard00/SPO_hard00.presolve_0_Epoch0_350.pth
132,8576476.318238337,../Results/Hard00/SPO_hard00.presolve_0_Epoch0_350.pth
133,10147733.671954872,../Results/Hard00/SPO_hard00.presolve_0_Epoch0_350.pth
134,7693724.489058632,../Results/Hard00/SPO_hard00.presolve_0_Epoch0_350.pth
135,6539331.469826957,../Results/Hard00/SPO_hard00.presolve_0_Epoch0_350.pth
136,8701321.932930209,../Results/Hard00/SPO_hard00.presolve_0_Epoch0_350.pth
137,8370891.369411534,../Results/Hard00/SPO_hard00.presolve_0_Epoch0_350.pth
138,8508715.191492567,../Results/Hard00/SPO_hard00.presolve_0_Epoch0_350.pth
139,8361466.206919088,../Results/Hard00/SPO_hard00.presolve_0_Epoch0_350.pth
140,9015274.125460273,../Results/Hard00/SPO_hard00.presolve_0_Epoch0_350.pth
141,9037612.094547862,../Results/Hard00/SPO_hard00.presolve_0_Epoch0_350.pth
142,7715892.568156956,../Results/Hard00/SPO_hard00.presolve_0_Epoch0_350.pth
143,9141948.483276837,../Results/Hard00/SPO_hard00.presolve_0_Epoch0_350.pth
144,6869058.042570001,../Results/Hard00/SPO_hard00.presolve_0_Epoch0_350.pth
145,8581833.278827664,../Results/Hard00/SPO_hard00.presolve_0_Epoch0_350.pth
146,7691958.0692059,../Results/Hard00/SPO_hard00.presolve_0_Epoch0_350.pth
147,7830974.702916672,../Results/Hard00/SPO_hard00.presolve_0_Epoch0_350.pth
148,7742562.591997203,../Results/Hard00/SPO_hard00.presolve_0_Epoch0_350.pth
149,7511554.376972683,../Results/Hard00/SPO_hard00.presolve_0_Epoch0_350.pth
150,7200037.980133905,../Results/Hard00/SPO_hard00.presolve_0_Epoch0_350.pth
151,10937397.144047787,../Results/Hard00/SPO_hard00.presolve_0_Epoch0_350.pth
152,8848429.525749601,../Results/Hard00/SPO_hard00.presolve_0_Epoch0_350.pth
153,6993358.3897033315,../Results/Hard00/SPO_hard00.presolve_0_Epoch0_350.pth
154,10383017.238604518,../Results/Hard00/SPO_hard00.presolve_0_Epoch0_350.pth
155,7326476.955215641,../Results/Hard00/SPO_hard00.presolve_0_Epoch0_350.pth
156,7889780.641065606,../Results/Hard00/SPO_hard00.presolve_0_Epoch0_350.pth
157,6803029.109897131,../Results/Hard00/SPO_hard00.presolve_0_Epoch0_350.pth
158,6688342.043261798,../Results/Hard00/SPO_hard00.presolve_0_Epoch0_350.pth
159,6102457.008628047,../Results/Hard00/SPO_hard00.presolve_0_Epoch0_350.pth
160,6448429.372484273,../Results/Hard00/SPO_hard00.presolve_0_Epoch0_350.pth
161,8523607.555454778,../Results/Hard00/SPO_hard00.presolve_0_Epoch0_350.pth
162,7846037.987388946,../Results/Hard00/SPO_hard00.presolve_0_Epoch0_350.pth
163,7981693.539170946,../Results/Hard00/SPO_hard00.presolve_0_Epoch0_350.pth
164,8346132.837669688,../Results/Hard00/SPO_hard00.presolve_0_Epoch0_350.pth
165,6291066.840496448,../Results/Hard00/SPO_hard00.presolve_0_Epoch0_350.pth
166,5940049.263811114,../Results/Hard00/SPO_hard00.presolve_0_Epoch0_350.pth
167,5782172.91185826,../Results/Hard00/SPO_hard00.presolve_0_Epoch0_350.pth
168,6269257.855171759,../Results/Hard00/SPO_hard00.presolve_0_Epoch0_350.pth
169,6141007.5954298675,../Results/Hard00/SPO_hard00.presolve_0_Epoch0_350.pth
170,8225941.576246036,../Results/Hard00/SPO_hard00.presolve_0_Epoch0_350.pth
171,6310325.960560813,../Results/Hard00/SPO_hard00.presolve_0_Epoch0_350.pth
172,6230417.715041312,../Results/Hard00/SPO_hard00.presolve_0_Epoch0_350.pth
173,8429631.159306923,../Results/Hard00/SPO_hard00.presolve_0_Epoch0_350.pth
174,7748176.795658573,../Results/Hard00/SPO_hard00.presolve_0_Epoch0_350.pth
175,9507971.247693637,../Results/Hard00/SPO_hard00.presolve_0_Epoch0_350.pth
176,6720281.631207061,../Results/Hard00/SPO_hard00.presolve_0_Epoch0_350.pth
0,8061672.603144571,../Results/Hard00/SPO_hard00.prestart_0_Epoch1_782.pth
1,8338665.602291871,../Results/Hard00/SPO_hard00.prestart_0_Epoch1_782.pth
2,7270698.990596692,../Results/Hard00/SPO_hard00.prestart_0_Epoch1_782.pth
3,7528109.468367675,../Results/Hard00/SPO_hard00.prestart_0_Epoch1_782.pth
4,7976529.778771078,../Results/Hard00/SPO_hard00.prestart_0_Epoch1_782.pth
5,6777184.117061527,../Results/Hard00/SPO_hard00.prestart_0_Epoch1_782.pth
6,7972245.205072908,../Results/Hard00/SPO_hard00.prestart_0_Epoch1_782.pth
7,9042722.540353794,../Results/Hard00/SPO_hard00.prestart_0_Epoch1_782.pth
8,8140146.3227046,../Results/Hard00/SPO_hard00.prestart_0_Epoch1_782.pth
9,7708646.289974033,../Results/Hard00/SPO_hard00.prestart_0_Epoch1_782.pth
10,7591623.016771598,../Results/Hard00/SPO_hard00.prestart_0_Epoch1_782.pth
11,6947495.935833739,../Results/Hard00/SPO_hard00.prestart_0_Epoch1_782.pth
12,7511097.644273358,../Results/Hard00/SPO_hard00.prestart_0_Epoch1_782.pth
13,8078296.986616836,../Results/Hard00/SPO_hard00.prestart_0_Epoch1_782.pth
14,8933848.034635568,../Results/Hard00/SPO_hard00.prestart_0_Epoch1_782.pth
15,7802379.079548155,../Results/Hard00/SPO_hard00.prestart_0_Epoch1_782.pth
16,7040298.996524136,../Results/Hard00/SPO_hard00.prestart_0_Epoch1_782.pth
17,8093047.586101889,../Results/Hard00/SPO_hard00.prestart_0_Epoch1_782.pth
18,8119331.855108609,../Results/Hard00/SPO_hard00.prestart_0_Epoch1_782.pth
19,7565888.6602725545,../Results/Hard00/SPO_hard00.prestart_0_Epoch1_782.pth
20,8918281.250773357,../Results/Hard00/SPO_hard00.prestart_0_Epoch1_782.pth
21,10142345.289605746,../Results/Hard00/SPO_hard00.prestart_0_Epoch1_782.pth
22,7050129.466720621,../Results/Hard00/SPO_hard00.prestart_0_Epoch1_782.pth
23,7460249.335883193,../Results/Hard00/SPO_hard00.prestart_0_Epoch1_782.pth
24,7206748.400749861,../Results/Hard00/SPO_hard00.prestart_0_Epoch1_782.pth
25,6128454.533316051,../Results/Hard00/SPO_hard00.prestart_0_Epoch1_782.pth
26,7047710.896648034,../Results/Hard00/SPO_hard00.prestart_0_Epoch1_782.pth
27,9114599.635295615,../Results/Hard00/SPO_hard00.prestart_0_Epoch1_782.pth
28,7309432.689701235,../Results/Hard00/SPO_hard00.prestart_0_Epoch1_782.pth
29,8802720.983866964,../Results/Hard00/SPO_hard00.prestart_0_Epoch1_782.pth
30,8316192.125213456,../Results/Hard00/SPO_hard00.prestart_0_Epoch1_782.pth
31,7362981.550296112,../Results/Hard00/SPO_hard00.prestart_0_Epoch1_782.pth
32,7388244.737130562,../Results/Hard00/SPO_hard00.prestart_0_Epoch1_782.pth
33,7283780.499654814,../Results/Hard00/SPO_hard00.prestart_0_Epoch1_782.pth
34,7950346.757572284,../Results/Hard00/SPO_hard00.prestart_0_Epoch1_782.pth
35,10902970.461527998,../Results/Hard00/SPO_hard00.prestart_0_Epoch1_782.pth
36,9248038.095627824,../Results/Hard00/SPO_hard00.prestart_0_Epoch1_782.pth
37,7541479.845993512,../Results/Hard00/SPO_hard00.prestart_0_Epoch1_782.pth
38,6969562.930604264,../Results/Hard00/SPO_hard00.prestart_0_Epoch1_782.pth
39,8015310.619385983,../Results/Hard00/SPO_hard00.prestart_0_Epoch1_782.pth
40,6919458.761556564,../Results/Hard00/SPO_hard00.prestart_0_Epoch1_782.pth
41,9801391.00717344,../Results/Hard00/SPO_hard00.prestart_0_Epoch1_782.pth
42,8908541.677687716,../Results/Hard00/SPO_hard00.prestart_0_Epoch1_782.pth
43,8054592.355630757,../Results/Hard00/SPO_hard00.prestart_0_Epoch1_782.pth
44,6996110.596779844,../Results/Hard00/SPO_hard00.prestart_0_Epoch1_782.pth
45,9150378.302868912,../Results/Hard00/SPO_hard00.prestart_0_Epoch1_782.pth
46,6472659.316413247,../Results/Hard00/SPO_hard00.prestart_0_Epoch1_782.pth
47,6767278.427246179,../Results/Hard00/SPO_hard00.prestart_0_Epoch1_782.pth
48,7084063.317229168,../Results/Hard00/SPO_hard00.prestart_0_Epoch1_782.pth
49,8035773.160470378,../Results/Hard00/SPO_hard00.prestart_0_Epoch1_782.pth
50,7551615.652155213,../Results/Hard00/SPO_hard00.prestart_0_Epoch1_782.pth
51,7036360.936551795,../Results/Hard00/SPO_hard00.prestart_0_Epoch1_782.pth
52,6930866.205099682,../Results/Hard00/SPO_hard00.prestart_0_Epoch1_782.pth
53,7385302.24558673,../Results/Hard00/SPO_hard00.prestart_0_Epoch1_782.pth
54,6047009.217506947,../Results/Hard00/SPO_hard00.prestart_0_Epoch1_782.pth
55,5824179.318456015,../Results/Hard00/SPO_hard00.prestart_0_Epoch1_782.pth
56,8799268.846612576,../Results/Hard00/SPO_hard00.prestart_0_Epoch1_782.pth
57,8008744.1808124045,../Results/Hard00/SPO_hard00.prestart_0_Epoch1_782.pth
58,7266122.749204631,../Results/Hard00/SPO_hard00.prestart_0_Epoch1_782.pth
59,7898211.22756052,../Results/Hard00/SPO_hard00.prestart_0_Epoch1_782.pth
60,7184175.245407124,../Results/Hard00/SPO_hard00.prestart_0_Epoch1_782.pth
61,6483963.51211231,../Results/Hard00/SPO_hard00.prestart_0_Epoch1_782.pth
62,7547317.393382923,../Results/Hard00/SPO_hard00.prestart_0_Epoch1_782.pth
63,9137879.672731785,../Results/Hard00/SPO_hard00.prestart_0_Epoch1_782.pth
64,9249389.5536092,../Results/Hard00/SPO_hard00.prestart_0_Epoch1_782.pth
65,10195617.473935626,../Results/Hard00/SPO_hard00.prestart_0_Epoch1_782.pth
66,7458465.272208263,../Results/Hard00/SPO_hard00.prestart_0_Epoch1_782.pth
67,8191845.661522883,../Results/Hard00/SPO_hard00.prestart_0_Epoch1_782.pth
68,8296599.903689563,../Results/Hard00/SPO_hard00.prestart_0_Epoch1_782.pth
69,5574971.16854107,../Results/Hard00/SPO_hard00.prestart_0_Epoch1_782.pth
70,7886022.703739259,../Results/Hard00/SPO_hard00.prestart_0_Epoch1_782.pth
71,12564918.843013458,../Results/Hard00/SPO_hard00.prestart_0_Epoch1_782.pth
72,6188643.397397235,../Results/Hard00/SPO_hard00.prestart_0_Epoch1_782.pth
73,6350981.02274039,../Results/Hard00/SPO_hard00.prestart_0_Epoch1_782.pth
74,10975601.976864344,../Results/Hard00/SPO_hard00.prestart_0_Epoch1_782.pth
75,8652272.747157115,../Results/Hard00/SPO_hard00.prestart_0_Epoch1_782.pth
76,8595999.686383097,../Results/Hard00/SPO_hard00.prestart_0_Epoch1_782.pth
77,8082289.635592826,../Results/Hard00/SPO_hard00.prestart_0_Epoch1_782.pth
78,8478414.255880885,../Results/Hard00/SPO_hard00.prestart_0_Epoch1_782.pth
79,8602476.738759054,../Results/Hard00/SPO_hard00.prestart_0_Epoch1_782.pth
80,8603163.88017425,../Results/Hard00/SPO_hard00.prestart_0_Epoch1_782.pth
81,7310949.16583769,../Results/Hard00/SPO_hard00.prestart_0_Epoch1_782.pth
82,8023885.164582291,../Results/Hard00/SPO_hard00.prestart_0_Epoch1_782.pth
83,7116192.796683049,../Results/Hard00/SPO_hard00.prestart_0_Epoch1_782.pth
84,9809126.54935845,../Results/Hard00/SPO_hard00.prestart_0_Epoch1_782.pth
85,7905245.0509273885,../Results/Hard00/SPO_hard00.prestart_0_Epoch1_782.pth
86,6877286.983379028,../Results/Hard00/SPO_hard00.prestart_0_Epoch1_782.pth
87,6849881.403487706,../Results/Hard00/SPO_hard00.prestart_0_Epoch1_782.pth
88,8695034.363205902,../Results/Hard00/SPO_hard00.prestart_0_Epoch1_782.pth
89,6950667.886394889,../Results/Hard00/SPO_hard00.prestart_0_Epoch1_782.pth
90,6721251.405583567,../Results/Hard00/SPO_hard00.prestart_0_Epoch1_782.pth
91,6854034.506690172,../Results/Hard00/SPO_hard00.prestart_0_Epoch1_782.pth
92,8027663.172366481,../Results/Hard00/SPO_hard00.prestart_0_Epoch1_782.pth
93,8383825.455666024,../Results/Hard00/SPO_hard00.prestart_0_Epoch1_782.pth
94,8550151.0177471,../Results/Hard00/SPO_hard00.prestart_0_Epoch1_782.pth
95,7626896.369328858,../Results/Hard00/SPO_hard00.prestart_0_Epoch1_782.pth
96,6706114.576467622,../Results/Hard00/SPO_hard00.prestart_0_Epoch1_782.pth
97,8496589.700464616,../Results/Hard00/SPO_hard00.prestart_0_Epoch1_782.pth
98,10491130.810773317,../Results/Hard00/SPO_hard00.prestart_0_Epoch1_782.pth
99,7514150.5804399,../Results/Hard00/SPO_hard00.prestart_0_Epoch1_782.pth
100,8043019.072995303,../Results/Hard00/SPO_hard00.prestart_0_Epoch1_782.pth
101,11030258.148971964,../Results/Hard00/SPO_hard00.prestart_0_Epoch1_782.pth
102,6843869.518994338,../Results/Hard00/SPO_hard00.prestart_0_Epoch1_782.pth
103,7917253.851154277,../Results/Hard00/SPO_hard00.prestart_0_Epoch1_782.pth
104,6552186.568465688,../Results/Hard00/SPO_hard00.prestart_0_Epoch1_782.pth
105,8379680.851237735,../Results/Hard00/SPO_hard00.prestart_0_Epoch1_782.pth
106,7246823.5142329605,../Results/Hard00/SPO_hard00.prestart_0_Epoch1_782.pth
107,6462987.054138313,../Results/Hard00/SPO_hard00.prestart_0_Epoch1_782.pth
108,8267037.87820365,../Results/Hard00/SPO_hard00.prestart_0_Epoch1_782.pth
109,8326462.514872794,../Results/Hard00/SPO_hard00.prestart_0_Epoch1_782.pth
110,6217191.256908025,../Results/Hard00/SPO_hard00.prestart_0_Epoch1_782.pth
111,4107652.2444140683,../Results/Hard00/SPO_hard00.prestart_0_Epoch1_782.pth
112,7379008.177292013,../Results/Hard00/SPO_hard00.prestart_0_Epoch1_782.pth
113,6616617.349992771,../Results/Hard00/SPO_hard00.prestart_0_Epoch1_782.pth
114,7388066.905898472,../Results/Hard00/SPO_hard00.prestart_0_Epoch1_782.pth
115,7354692.612266115,../Results/Hard00/SPO_hard00.prestart_0_Epoch1_782.pth
116,8243237.455355033,../Results/Hard00/SPO_hard00.prestart_0_Epoch1_782.pth
117,8219879.93168535,../Results/Hard00/SPO_hard00.prestart_0_Epoch1_782.pth
118,7763067.411755971,../Results/Hard00/SPO_hard00.prestart_0_Epoch1_782.pth
119,8089255.141938594,../Results/Hard00/SPO_hard00.prestart_0_Epoch1_782.pth
120,6926728.996850656,../Results/Hard00/SPO_hard00.prestart_0_Epoch1_782.pth
121,8883455.313268045,../Results/Hard00/SPO_hard00.prestart_0_Epoch1_782.pth
122,6699565.905975574,../Results/Hard00/SPO_hard00.prestart_0_Epoch1_782.pth
123,8221615.329163101,../Results/Hard00/SPO_hard00.prestart_0_Epoch1_782.pth
124,6363592.163625354,../Results/Hard00/SPO_hard00.prestart_0_Epoch1_782.pth
125,7220318.628989831,../Results/Hard00/SPO_hard00.prestart_0_Epoch1_782.pth
126,7398766.782573473,../Results/Hard00/SPO_hard00.prestart_0_Epoch1_782.pth
127,7499833.07330459,../Results/Hard00/SPO_hard00.prestart_0_Epoch1_782.pth
128,8293772.564374613,../Results/Hard00/SPO_hard00.prestart_0_Epoch1_782.pth
129,6215288.109400938,../Results/Hard00/SPO_hard00.prestart_0_Epoch1_782.pth
130,7788215.278604811,../Results/Hard00/SPO_hard00.prestart_0_Epoch1_782.pth
131,6916006.92637842,../Results/Hard00/SPO_hard00.prestart_0_Epoch1_782.pth
132,8580240.778927585,../Results/Hard00/SPO_hard00.prestart_0_Epoch1_782.pth
133,10215660.114002133,../Results/Hard00/SPO_hard00.prestart_0_Epoch1_782.pth
134,7693908.335625266,../Results/Hard00/SPO_hard00.prestart_0_Epoch1_782.pth
135,6540026.00416557,../Results/Hard00/SPO_hard00.prestart_0_Epoch1_782.pth
136,8724916.361923208,../Results/Hard00/SPO_hard00.prestart_0_Epoch1_782.pth
137,8369364.423917823,../Results/Hard00/SPO_hard00.prestart_0_Epoch1_782.pth
138,8504211.545670455,../Results/Hard00/SPO_hard00.prestart_0_Epoch1_782.pth
139,8359973.387062011,../Results/Hard00/SPO_hard00.prestart_0_Epoch1_782.pth
140,9013750.181942588,../Results/Hard00/SPO_hard00.prestart_0_Epoch1_782.pth
141,9040965.300908655,../Results/Hard00/SPO_hard00.prestart_0_Epoch1_782.pth
142,7715353.872384978,../Results/Hard00/SPO_hard00.prestart_0_Epoch1_782.pth
143,9159578.928301968,../Results/Hard00/SPO_hard00.prestart_0_Epoch1_782.pth
144,6867257.145891386,../Results/Hard00/SPO_hard00.prestart_0_Epoch1_782.pth
145,8583621.106585504,../Results/Hard00/SPO_hard00.prestart_0_Epoch1_782.pth
146,7692200.008352969,../Results/Hard00/SPO_hard00.prestart_0_Epoch1_782.pth
147,7829159.373699845,../Results/Hard00/SPO_hard00.prestart_0_Epoch1_782.pth
148,7735875.191801073,../Results/Hard00/SPO_hard00.prestart_0_Epoch1_782.pth
149,7509422.315918214,../Results/Hard00/SPO_hard00.prestart_0_Epoch1_782.pth
150,7230632.632972658,../Results/Hard00/SPO_hard00.prestart_0_Epoch1_782.pth
151,10941229.023804044,../Results/Hard00/SPO_hard00.prestart_0_Epoch1_782.pth
152,8878301.6276221,../Results/Hard00/SPO_hard00.prestart_0_Epoch1_782.pth
153,6998895.737113887,../Results/Hard00/SPO_hard00.prestart_0_Epoch1_782.pth
154,10440858.94900723,../Results/Hard00/SPO_hard00.prestart_0_Epoch1_782.pth
155,7327911.520630122,../Results/Hard00/SPO_hard00.prestart_0_Epoch1_782.pth
156,7886525.821586602,../Results/Hard00/SPO_hard00.prestart_0_Epoch1_782.pth
157,6803868.475973647,../Results/Hard00/SPO_hard00.prestart_0_Epoch1_782.pth
158,6689485.476919485,../Results/Hard00/SPO_hard00.prestart_0_Epoch1_782.pth
159,6130708.973745406,../Results/Hard00/SPO_hard00.prestart_0_Epoch1_782.pth
160,6496126.380709668,../Results/Hard00/SPO_hard00.prestart_0_Epoch1_782.pth
161,8526406.591860734,../Results/Hard00/SPO_hard00.prestart_0_Epoch1_782.pth
162,8073559.7848117575,../Results/Hard00/SPO_hard00.prestart_0_Epoch1_782.pth
163,7997438.620976017,../Results/Hard00/SPO_hard00.prestart_0_Epoch1_782.pth
164,8352183.523492941,../Results/Hard00/SPO_hard00.prestart_0_Epoch1_782.pth
165,6275171.91888453,../Results/Hard00/SPO_hard00.prestart_0_Epoch1_782.pth
166,5942441.294190683,../Results/Hard00/SPO_hard00.prestart_0_Epoch1_782.pth
167,5783472.075845067,../Results/Hard00/SPO_hard00.prestart_0_Epoch1_782.pth
168,6259968.359611934,../Results/Hard00/SPO_hard00.prestart_0_Epoch1_782.pth
169,6137614.0703819385,../Results/Hard00/SPO_hard00.prestart_0_Epoch1_782.pth
170,8240870.933492748,../Results/Hard00/SPO_hard00.prestart_0_Epoch1_782.pth
171,6461406.882612365,../Results/Hard00/SPO_hard00.prestart_0_Epoch1_782.pth
172,6265785.551676321,../Results/Hard00/SPO_hard00.prestart_0_Epoch1_782.pth
173,8410146.12423173,../Results/Hard00/SPO_hard00.prestart_0_Epoch1_782.pth
174,7641520.508010533,../Results/Hard00/SPO_hard00.prestart_0_Epoch1_782.pth
175,9435985.9901034,../Results/Hard00/SPO_hard00.prestart_0_Epoch1_782.pth
176,6722935.94237273,../Results/Hard00/SPO_hard00.prestart_0_Epoch1_782.pth
